Website URL,Contact Form URL
https://www.sandiatoyota.com,
https://www.rentcoppercreektucson.com/,https://www.rentcoppercreektucson.com/contact_us/
https://rcleaners.com/,
https://www.helenascleaners.com/,mailto:contact@helenascleaners.com
https://www.anchealthsolutions.com,
https://speranzaitalianrestaurant.com,
https://www.professionalbillingllc.com/,
https://honestbookkeepinggroup.com/bookkeeping-services-las-vegas/,
https://www.lvmedicalbillingconsulting.com,
http://azbodycheck.com,http://azbodycheck.com/contact-and-appointments
https://www.thevintageapts.com,
http://Arauto505.com,https://www.arauto505.com/contact-us/
https://agents.farmers.com/ca/santa-clarita/randa-nasrawi,https://www.farmers.com/contact-us/
https://www.rightwayabq.com,https://www.rightwayabq.com/contact-us
https://insuraserv.com/,https://insuraserv.com/contact-us/
https://www.chlinsurance.com/,https://www.chlinsurance.com/contact
http://www.stricklerins.net,https://stricklerins.net/contact/
https://www.therentalflats.com/,https://www.therentalflats.com/contact_us/
http://www.gasparinsurance.com,https://gasparinsurance.com/contact/
https://keypartnersins.com/,https://keypartnersins.com/contact-us/
http://www.activehealthscottsdale.com,http://www.activehealthscottsdale.com/contact
https://www.ibwins.com/,https://www.ibwins.com/contact-us/
http://www.virginialawoffice.com,https://www.virginialawoffice.com/contact
https://hdainsurance.com/,
http://www.capitolfordsantafe.com,http://www.capitolfordsantafe.com/contactus.aspx
